url,label
http://safe-site.com,0
http://google.com,0
http://facebook.com,0
http://twitter.com,0
http://youtube.com,0
http://example.com,0
http://phishingsite.com,1
http://malicious-site.com,1
http://phishing-site.com,1
http://secure-payments.com,0
http://bankofamerica-secure.com,1
http://paypal-verification.com,1
http://secure-login-page.com,1
http://amazon-offer.com,1
http://login-facebook.net,1
http://secure-twitter.info,1
http://free-gift-cards.com,1
http://get-rich-fast.com,1
http://personal-data-form.com,1
http://securebankingportal.com,1
http://download-now-secure.com,1
http://myaccountupdate.com,1
http://university-scholarships.com,0
http://tech-news.com,0
http://online-courses.com,0
http://safe-shopping.com,0
http://local-news.com,0
http://trendingtopics.com,0
http://fakebanklogin.com,1
http://verifypassword.net,1
http://appleid-recovery.com,1
http://confirm-payments.com,1
http://secure-account-update.com,1
http://myemail-login.net,1
http://latest-updates.com,0
http://trusted-resources.com,0
http://learn-more.com,0
http://secure-buy.com,0
http://email-access.com,0
http://facebooklogin-support.com,1
http://verify-details-now.com,1
http://giftcard-offers.com,1
http://exclusive-promotions.com,1
http://onlineshopsecure.com,0
http://health-and-wellness.com,0
http://nutrition-guide.com,0
http://tech-support-offers.com,1
http://password-reset-now.com,1
http://crypto-investment.com,1
http://bitcoin-earn.com,1
http://blockchainupdates.com,0
http://secure-onlinebank.com,1
http://account-locked.com,1
http://phishing-scam-alert.com,1
http://free-discounts.com,1
http://amazon-promo-offer.com,1
http://twitter-recovery-support.com,1
http://onlineupdates.net,0
http://safebrowsingguide.com,0
http://educationhub.com,0
http://job-board.com,0
http://fakepaypallogin.com,1
http://reset-account-password.com,1
http://verifyidentityfast.com,1
http://securebankportal.com,1
http://getrewardsnow.com,1
http://exclusive-giveaways.com,1
http://securedocuments.com,0
http://businessupdates.com,0
http://onlineportal.com,0
http://secure-healthcare.com,0
http://shopping-guide.com,0
http://accesssupportteam.com,1
http://facebook-verification-support.com,1
http://update-account-now.com,1
http://google-pay-recovery.com,1
http://update-payment-info.com,1
http://fast-track-rewards.com,1
http://gaming-news.com,0
http://latest-tech-updates.com,0
http://online-tutorials.com,0
http://security-info.com,0
http://techblog.com,0
http://verifycredentials.com,1
http://security-check-info.com,1
http://paypal-secure-recovery.com,1
http://winrewardsnow.com,1
http://onlinesafetyportal.com,0
http://cybersecuritynews.com,0
http://secureonlinepay.com,0
http://free-course-resources.com,0
http://phishalert.com,0
http://login-updates.net,1
http://confirmidentity.com,1
http://click-and-win.com,1
http://verify-login-now.com,1
http://instant-discounts.com,1
http://trusted-info.com,0
http://educational-resources.com,0
http://travel-guide.com,0
http://safe-portal.com,0
https://www.annauniv.edu/,0
https://www.periyaruniversity.ac.in/,0
